{
  "eye": {
    "orientation": [
      0.016030702739953995,
      -0.8517377376556396,
      0.46683257818222046,
      0.23738841712474823
    ],
    "magnitude": 0.5773502588272095,
    "position": [
      -98.24749755859375,
      -1162.8052978515625,
      -256.06878662109375
    ]
  },
  "radius": 948.2615966796875,
  "type": "PERSPECTIVE"
}